Country,LAType,LAName,TotalEstablishments(IncludingNotYetRated&Outside),EstablishmentsNotYetRatedForIntervention,EstablishmentsOutsideTheProgramme,Total%OfBroadlyCompliantEstablishmentsRatedA-E,Total%OfBroadlyCompliantEstablishments(IncludingNotYetRated),ARatedEstablishments,Total%OfBroadlyCompliantEstablishments-A,BRatedEstablishments,Total%OfBroadlyCompliantEstablishments-B,CRatedEstablishments,Total%OfBroadlyCompliantEstablishments-C,DRatedEstablishments,Total%OfBroadlyCompliantEstablishments-D,ERatedEstablishments,Total%OfBroadlyCompliantEstablishments-E,Total%OfInterventionsAchieved(PremisesRatedA-E),Total%OfInterventionsAchieved-PremisesRatedA,Total%OfInterventionsAchieved-PremisesRatedB,Total%OfInterventionsAchieved-PremisesRatedC,Total%OfInterventionsAchieved-PremisesRatedD,Total%OfInterventionsAchieved-PremisesRatedE,Total%OfInterventionsAchieved-PremisesNotYetRated,TotalNumberOfEstablishmentsSubjectToFormalEnforcementActions-VoluntaryClosure,TotalNumberOfEstablishmentsSubjectToFormalEnforcementActions-Seizure|Detention&SurrenderOfFood,TotalNumberOfEstablishmentsSubjectToFormalEnforcementActions-Suspension/RevocationOfApprovalOrLicence,TotalNumberOfEstablishmentsSubjectToFormalEnforcementActions-HygieneEmergencyProhibitionNotice,TotalNumberOfEstablishmentsSubjectToFormalEnforcementActions-ProhibitionOrder,TotalNumberOfEstablishmentsSubjectToFormalEnforcementActions-SimpleCaution,TotalNumberOfEstablishmentsSubjectToFormalEnforcementActions-HygieneImprovementNotices,TotalNumberOfEstablishmentsSubjectToFormalEnforcementActions-RemedialAction&DetentionNotices,TotalNumberOfEstablishmentsSubjectToWrittenWarnings,TotalNumberOfEstablishmentsSubjectToFormalEnforcementActions-ProsecutionsConcluded,ProfessionalFullTimeEquivalentPosts-Occupied*
England,District Council,Adur and Worthing ,1460,20,0,96.81,95.48,NP,NP,43,48.84,219,92.24,602,99,576,99.83,99.3,100,100,99.56,99.37,98.47,100,4,3,0,0,0,0,3,0,338,0,4.5
England,District Council,Allerdale,1223,43,65,96.23,92.66,3,33.33,38,63.16,254,90.94,377,99.2,443,100,96.3,100,98.63,96.57,95.48,95.65,100,2,0,0,0,0,1,3,0,414,1,4
England,District Council,Amber Valley,1106,3,0,97.55,97.29,4,50,27,74.07,187,91.44,427,99.53,458,100,73.35,100,95.45,80.1,79.7,49.2,100,0,1,1,0,0,0,3,1,398,3,3.3
England,District Council,Arun (1),1191,80,1,97.12,90.59,3,0,28,71.43,229,93.01,445,98.88,405,100,99.12,100,100,99.02,99.19,98.51,97.51,0,0,0,0,0,0,10,0,188,0,4
England,District Council,Ashfield,895,27,0,97.24,94.3,NP,NP,33,66.67,131,93.89,370,98.65,334,100,91.28,100,97.44,100,85.14,94.02,98.53,2,0,0,0,0,0,1,0,276,0,2.8
England,District Council,Ashford,1434,79,207,98.34,92.01,1,100,21,61.9,128,93.75,457,99.34,541,100,98.25,NR,97.22,98.1,100,95.9,100,0,0,0,0,0,0,0,0,182,0,2.6
England,District Council,Aylesbury Vale ,1690,50,274,97.66,94.21,3,0,33,51.52,262,95.42,489,99.8,579,100,92.95,100,100,100,92.7,84.34,42.53,0,0,0,0,0,0,2,0,225,0,2.5
England,District Council,Babergh and Mid Suffolk,1983,15,38,97.56,96.81,4,25,47,72.34,260,91.92,609,99.01,1010,99.6,92.67,100,100,99.08,97.24,80.28,100,0,0,0,0,0,2,1,0,174,2,6
England,District Council,Barrow-in-Furness,604,56,0,95.44,86.59,5,0,23,39.13,84,95.24,200,99,236,100,65.1,100,94.44,88.24,42.72,68.85,78.87,2,0,0,0,0,0,3,0,107,0,1.75
England,District Council,Basildon,1321,63,43,97.28,92.49,6,33.33,28,57.14,188,94.15,487,99.18,506,99.6,76.36,100,95,92.38,76.07,62.71,63.48,2,0,0,0,0,0,1,0,107,0,4.2
England,District Council,Basingstoke and Deane,1190,2,0,97.81,97.65,3,0,27,51.85,173,95.38,430,99.53,555,100,99.01,100,97.06,100,99.34,97.94,100,2,0,0,0,0,0,1,0,288,0,2.9
England,District Council,Bassetlaw,1016,1,11,99.2,99.1,1,100,14,71.43,107,98.13,449,99.78,433,99.77,94.7,100,100,100,98.5,84.67,100,0,0,0,0,0,0,1,0,73,0,2.6
England,District Council,Blaby,789,3,0,95.29,94.93,4,75,33,60.61,125,86.4,218,97.25,406,100,96.69,83.33,100,100,93,100,NR,2,0,0,0,0,0,5,0,221,0,2
England,District Council,Bolsover,756,55,1,96.86,89.8,4,0,24,62.5,96,90.63,292,100,284,100,49.65,100,100,100,38.25,27.78,100,0,4,0,2,0,0,5,0,97,0,1.6
England,District Council,Boston,691,5,57,98.89,98.11,1,100,19,89.47,70,97.14,236,98.73,303,100,99.35,100,100,98.55,100,98.18,100,0,1,0,0,0,1,2,0,116,1,2.8
England,District Council,Braintree,1406,20,86,95.77,94.32,3,0,46,50,220,89.09,476,98.95,555,100,77.77,100,100,98.24,95.34,33,90.77,0,0,0,0,0,0,18,0,296,0,3.1
England,District Council,Breckland,1404,33,17,97.93,95.6,2,50,84,88.1,223,92.38,378,100,667,100,100,100,100,100,100,100,100,0,0,0,0,0,0,7,0,335,0,4.15
England,District Council,Brentwood,654,0,0,98.01,98.01,NP,NP,28,75,107,96.26,278,99.28,241,100,100,100,100,100,100,100,100,0,0,0,0,0,0,2,0,221,0,2
England,District Council,Broadland,1226,21,116,98.44,96.58,NP,NP,45,86.67,160,95,368,99.18,516,100,86.04,100,100,99.59,100,53.6,98.11,0,0,0,0,0,0,0,0,388,0,2.93
England,District Council,Bromsgrove,885,62,178,96.74,88.26,1,0,22,72.73,150,92.67,277,98.92,195,100,80.4,100,93.94,100,94.37,38.1,62.91,0,0,0,1,0,0,1,0,249,0,2.06
England,District Council,Broxbourne ?,884,46,60,95.89,90.53,2,0,24,33.33,96,88.54,271,98.89,385,100,97.46,100,100,99.19,97.39,95.92,100,0,0,0,1,0,1,8,3,83,0,5
England,District Council,Broxtowe,885,39,22,91.63,87.49,16,0,47,61.7,195,86.15,253,96.84,313,100,100,100,100,100,100,100,100,3,0,0,2,2,0,2,0,313,0,2.4
England,District Council,Burnley,937,30,17,97.08,93.91,NP,NP,29,72.41,120,91.67,349,97.71,392,100,98.48,100,96.77,97.58,99.46,98.73,85.29,6,2,0,0,0,0,1,0,218,0,3.1
England,District Council,Cambridge City,1485,10,94,95.37,94.68,1,0,70,70,327,88.69,518,99.03,465,100,99.74,100,100,100,99.57,99.58,100,2,0,0,2,0,1,0,0,596,1,5.6
England,District Council,Cannock Chase,849,25,0,98.79,95.88,NP,NP,14,50,80,98.75,342,99.42,388,100,88.82,100,100,100,99.4,67.19,88.61,0,1,0,0,0,0,1,0,141,0,2.18
England,District Council,Canterbury City,1749,55,25,99.34,96.17,NP,NP,41,95.12,315,97.14,613,100,700,100,87.01,100,95,93.83,89.57,68.39,100,0,0,0,0,0,0,0,0,398,0,3.8
England,District Council,Carlisle City,1150,10,65,99.16,98.25,1,0,13,69.23,142,97.89,502,99.8,417,100,87.17,100,95.45,100,100,43.84,100,3,0,0,0,0,0,1,0,166,0,2.6
England,District Council,Castle Point,500,12,0,89.75,87.6,NP,NP,14,21.43,117,70.94,179,97.21,178,100,99.65,100,100,98.98,100,100,100,1,0,0,0,0,0,0,0,157,0,1.15
England,District Council,Charnwood,1493,61,0,96.86,92.9,7,0,35,77.14,212,88.68,568,98.94,610,100,96.97,100,100,99.56,98.87,87.35,67.35,2,0,0,0,0,1,21,0,432,1,4.5
England,District Council,Chelmsford,1367,48,13,97.32,93.87,1,0,34,47.06,212,93.4,550,99.64,509,100,96.6,75,98.82,99.49,99.34,86.49,100,0,0,0,0,0,0,3,0,314,0,4
England,District Council,Cheltenham,933,8,0,98.7,97.86,2,50,44,90.91,242,98.35,380,99.21,257,100,98,100,100,98.74,98.68,84.78,100,0,0,0,0,0,0,0,0,478,0,3
England,District Council,Cherwell,1225,281,8,96.26,74.03,6,0,52,63.46,195,96.41,410,99.27,273,100,96.78,100,94.59,95.59,97.57,98.26,100,4,1,0,0,0,0,1,0,359,1,6.5
England,District Council,Chesterfield,1047,9,55,97.36,96.47,1,0,27,55.56,154,92.86,339,99.41,462,100,100,100,100,100,100,100,100,1,0,0,0,0,0,0,0,245,0,2.5
England,District Council,Chichester,1527,63,35,96.57,92.49,5,20,52,78.85,295,90.85,595,98.82,482,100,93.91,100,100,96.56,97.24,74.44,100,0,0,0,0,0,0,7,0,507,0,4.3
England,District Council,Chiltern,815,38,17,96.97,92.36,1,0,25,76,157,92.99,197,97.46,380,100,80.26,100,100,100,100,47.73,100,5,1,0,0,0,0,4,0,157,0,1.77
England,District Council,Chorley,986,34,0,97.27,93.91,4,0,56,80.36,163,93.25,349,100,380,100,94.56,100,100,96.32,89.63,93.65,100,1,0,0,0,0,0,2,0,221,0,6
England,District Council,Christchurch (5),477,35,0,97.51,90.36,2,0,8,62.5,50,90,183,99.45,199,100,80.68,100,91.67,83.1,86.96,50,100,0,0,0,0,0,0,0,0,73,0,1.75
England,District Council,Colchester,1620,35,0,98.68,96.54,1,100,26,73.08,617,98.22,242,98.76,699,100,97.9,100,96.83,98.83,96.69,96.35,95.45,0,0,0,1,0,0,2,0,382,0,3.6
England,District Council,Copeland,656,9,2,97.36,96.02,1,100,27,70.37,109,94.5,256,98.83,252,100,95.99,100,100,97.64,96.55,90.2,100,0,0,0,0,0,0,2,0,99,0,2.15
England,District Council,Corby,435,1,0,97,96.78,1,0,8,25,169,96.45,66,100,190,100,53.46,100,100,100,100,8.7,100,0,0,0,0,0,0,5,0,74,0,2
England,District Council,Cotswold,1143,9,75,97.83,97,5,60,51,92.16,228,92.98,362,99.72,413,100,99.46,100,100,100,100,97.74,100,0,0,0,0,0,0,3,0,340,0,2.5
England,District Council,Craven,967,110,148,98.17,84.98,1,0,19,94.74,105,92.38,329,99.09,255,100,74.27,100,100,81.62,57.24,93.64,100,0,0,0,0,0,0,1,0,120,0,2.55
England,District Council,Crawley,851,41,1,98.76,94,NP,NP,8,75,105,94.29,324,99.38,372,100,93.13,NR,100,93.23,91.91,95.56,100,0,1,0,0,0,0,2,0,183,0,8
England,District Council,Dacorum,1459,203,36,97.87,83.91,1,100,30,83.33,210,91.43,469,99.36,510,100,77,100,100,98.36,99.19,35.65,80,3,1,0,0,0,0,10,0,310,1,2.3
England,District Council,Dartford,950,14,0,96.9,95.47,1,0,22,77.27,195,90.77,316,98.42,402,100,82.69,100,95.83,84.13,75.16,88.57,100,1,0,0,1,0,0,2,0,269,0,2.6
England,District Council,Daventry,869,30,0,98.93,95.51,1,0,14,71.43,100,96,302,100,422,100,72.91,NR,50,72.22,80.99,61.04,100,0,0,0,0,0,0,0,0,105,0,2
England,District Council,Derbyshire Dales,1094,26,7,96.7,94.39,2,0,41,68.29,202,91.58,439,99.54,377,99.73,93.39,100,98.08,99.41,98.33,80.9,81.56,2,0,0,0,0,0,3,0,286,0,4
England,District Council,Dover (8),1371,43,132,97.49,94.11,4,25,36,75,193,91.19,458,99.78,505,100,96.47,100,97.01,95.6,99.13,92.31,100,1,0,0,2,0,0,1,0,325,1,2.75
England,District Council,East Cambridgeshire,807,25,3,97.69,94.65,NP,NP,30,73.33,137,94.89,260,98.85,352,100,92.23,100,97.83,95.73,87.59,90.07,100,0,0,0,0,0,0,2,0,222,1,1.93
England,District Council,East Devon,1737,38,0,95.82,93.72,4,0,97,76.29,317,88.96,506,98.42,775,99.87,97.6,100,99.18,98.2,98.45,94.24,100,1,0,0,0,0,0,0,0,494,0,3
England,District Council,East Dorset (6),818,72,0,99.06,90.34,1,100,16,93.75,90,95.56,313,99.36,326,100,82.5,100,100,80.61,86.67,50,99.07,0,0,0,0,0,0,0,0,78,0,1.75
England,District Council,East Hampshire,1013,39,32,97.77,93.88,NP,NP,26,73.08,156,92.31,349,99.43,411,100,89.11,100,97.44,93.75,97.69,68.38,70.45,0,0,0,0,0,3,0,0,332,0,3.43
England,District Council,East Hertfordshire,1568,189,0,96.88,85.2,NP,NP,34,52.94,223,89.24,419,99.76,703,99.72,25.12,100,94.74,54.67,33.99,4.53,100,0,0,0,0,0,0,0,0,183,0,3.99
England,District Council,East Lindsey,2404,31,213,97.36,95.98,8,0,70,78.57,354,91.81,1010,99.5,718,100,85.25,100,100,87.65,86.58,72.66,92.64,0,0,0,1,0,15,53,0,572,1,5
England,District Council,East Northamptonshire,869,46,50,98.84,93.28,NP,NP,13,76.92,112,96.43,273,99.27,375,100,97.12,NR,93.75,98.01,97.03,96.91,100,0,0,0,0,0,0,1,0,144,0,2.2
England,District Council,East Staffordshire,1149,85,0,95.77,88.69,NP,NP,39,64.1,217,90.32,356,97.19,452,100,56.07,100,97.44,69.75,58.73,38.15,52.38,0,0,0,0,0,0,2,0,249,0,3.2
England,District Council,East Suffolk (7),2518,41,76,97.13,95.5,7,28.57,46,54.35,385,90.13,968,99.48,995,100,97.31,100,100,98.72,97.47,94.85,100,4,2,0,0,0,0,1,1,543,0,7.07
England,District Council,Eastbourne,1037,73,0,95.64,88.91,1,0,36,38.89,151,88.08,368,99.73,408,100,72.1,100,90.32,71.52,66.03,78.34,71.43,0,0,0,0,0,0,0,0,139,0,2.75
England,District Council,Eastleigh,929,30,0,98.55,95.37,2,100,16,81.25,124,92.74,333,99.7,424,100,96.76,100,100,96.72,99.25,94.27,76.19,1,0,0,0,0,0,1,0,335,0,1.8
England,District Council,Eden,1031,15,70,97.67,96.15,6,33.33,18,77.78,133,91.73,346,99.42,443,99.77,98.71,100,100,100,100,94.52,91.58,0,0,0,0,0,0,1,0,134,0,5.37
England,District Council,Elmbridge,1220,144,0,97.68,86.15,NP,NP,16,68.75,218,94.5,465,98.28,377,100,95.35,100,94.12,95.51,96.26,93.26,100,0,0,0,0,0,0,0,0,168,0,2.65
England,District Council,Epping Forest,1254,231,106,97.71,78.05,1,0,34,67.65,194,95.88,439,99.77,249,100,93.14,100,96.49,95.05,92.68,86.59,100,0,2,0,0,0,0,0,0,113,0,2.75
England,District Council,Epsom and Ewell,488,37,0,93.35,86.27,3,0,19,42.11,116,87.93,143,98.6,170,100,81.72,100,96.67,76.24,81.25,81.82,100,2,0,0,0,0,0,9,0,119,0,1.2
England,District Council,Erewash,950,8,2,98.19,97.36,2,100,36,86.11,186,95.16,288,98.96,428,100,100,100,100,100,100,100,100,1,1,0,0,0,1,13,0,442,0,3.3
England,District Council,Exeter City,1161,64,0,97.54,92.16,2,0,33,75.76,193,94.3,536,98.88,333,100,96.94,100,100,98.03,96.68,93.06,100,3,0,0,0,0,0,2,0,201,0,3
England,District Council,Fareham,760,17,8,96.46,94.28,7,0,27,77.78,140,94.29,258,98.06,303,100,97.35,100,100,98.44,97.07,94.74,100,0,0,0,0,0,1,5,0,106,0,2.6
England,District Council,Fenland,808,18,0,97.97,95.79,3,66.67,27,85.19,145,95.17,280,98.57,335,100,100,100,100,100,100,100,100,1,0,0,0,0,0,2,0,94,0,2.75
England,District Council,Folkestone & Hythe ?,1183,19,35,95.22,93.64,1,0,34,52.94,232,84.48,453,99.78,409,100,98.85,100,98.33,99.6,98.17,99.06,100,3,0,0,0,0,0,4,0,285,0,2.7
England,District Council,Forest of Dean,826,12,26,98.6,97.13,1,0,15,46.67,107,99.07,288,99.65,377,100,98.43,100,100,100,97.86,96.33,100,0,0,0,0,0,0,1,0,125,0,2.5
England,District Council,Fylde,805,5,0,96.25,95.65,1,0,42,64.29,172,93.6,297,98.99,288,100,99.64,100,100,100,99.49,98.78,88.06,2,1,0,0,0,3,15,0,354,0,3.5
England,District Council,Gedling,817,57,0,98.55,91.68,NP,NP,7,28.57,145,95.86,272,100,336,100,99.79,100,100,100,100,99.25,100,0,0,0,0,0,0,1,0,195,0,3
England,District Council,Gloucester City,997,11,0,96.45,95.39,3,0,24,66.67,119,86.55,414,98.31,426,99.77,98.87,100,100,100,97.77,99.36,100,2,0,0,0,0,0,4,0,247,0,2.5
England,District Council,Gosport,600,6,0,98.65,97.67,NP,NP,2,50,80,92.5,262,99.62,250,100,94.32,100,100,96.67,96.41,84.85,100,1,0,0,0,0,0,0,0,61,0,2.6
England,District Council,Gravesham,900,11,127,96.85,95.47,NP,NP,7,14.29,101,87.13,328,98.48,326,100,99.75,NR,100,100,100,98.8,100,0,0,0,0,0,0,4,0,168,0,3.15
England,District Council,Great Yarmouth ?,1140,41,0,93.72,90.35,1,0,41,46.34,242,85.95,418,97.13,397,100,82.5,100,100,94.69,79.91,47.19,98.67,2,0,0,0,0,0,7,0,404,0,3.1
England,District Council,Guildford,1075,47,9,97.45,93.15,NP,NP,31,77.42,203,93.1,429,99.07,356,99.72,89.6,100,100,98.91,89.34,76.84,84.62,0,0,0,0,0,0,4,0,283,0,3.01
England,District Council,Hambleton,1125,69,123,97.75,91.02,2,0,26,57.69,117,94.02,401,99.75,387,100,55.92,100,96.72,77.98,54.58,21.79,100,2,1,0,0,1,1,2,0,288,0,1.5
England,District Council,Harborough,969,59,0,98.79,92.78,2,0,10,70,112,94.64,311,100,475,100,40.5,100,100,92.31,91.73,2.01,100,0,0,0,0,0,0,0,0,117,1,2
England,District Council,Harlow,693,3,0,95.94,95.53,1,0,17,41.18,96,84.38,242,99.17,334,100,99.46,100,100,98.18,100,100,100,1,0,0,0,0,0,2,0,112,2,2.4
England,District Council,Harrogate,2050,158,184,99.12,90.73,1,100,43,90.7,251,97.21,734,99.73,679,99.71,48.38,100,98.51,94.19,60.69,2.43,100,1,0,0,0,0,0,2,1,458,0,4.6
England,District Council,Hart,711,13,0,96.7,94.94,NP,NP,25,60,146,92.47,221,99.1,306,100,95.65,NR,96.55,97.6,98.84,80.56,100,2,1,0,0,0,1,6,0,277,0,2
England,District Council,Hastings,856,57,0,98.87,92.29,NP,NP,10,70,101,96.04,411,99.76,277,99.64,100,100,100,100,100,100,100,0,0,0,0,0,0,3,0,248,0,3
England,District Council,Havant (12),838,28,27,98.6,95.19,NP,NP,25,92,63,92.06,337,98.81,358,100,93.51,NR,91.67,91.84,92.79,96.15,71.72,0,0,0,0,0,0,2,0,54,0,3.09
England,District Council,Hertsmere,839,32,3,89.05,85.65,10,20,53,45.28,214,82.24,270,95.19,257,100,83.53,60,86,86.57,85.47,60.87,100,5,0,0,1,0,0,8,0,227,0,3
England,District Council,High Peak,1084,16,0,98.69,97.23,2,50,15,66.67,153,95.42,381,99.74,517,100,100,100,100,100,100,100,100,0,0,0,0,0,0,2,0,316,0,2
England,District Council,Hinckley and Bosworth,982,23,0,97.6,95.32,1,0,22,68.18,165,96.36,383,97.65,388,100,96.64,100,97.06,98.58,97.47,92.56,100,0,1,0,0,0,0,0,0,445,0,3
England,District Council,Horsham,1198,37,0,97.24,94.24,2,0,35,77.14,199,93.97,466,98.5,459,99.35,90.25,100,100,99.4,97.25,59.32,100,0,0,0,0,0,0,0,0,421,0,2.8
England,District Council,Huntingdonshire,1430,94,50,98.13,91.45,1,0,44,77.27,249,96.39,508,99.41,484,99.79,77.21,100,100,92.62,65.07,74.77,90.09,1,0,0,0,0,0,0,0,293,2,2.5
England,District Council,Hyndburn,786,31,0,89.54,86.01,6,0,59,42.37,182,84.62,239,95.82,269,99.63,100,100,100,100,100,100,90.15,8,0,0,0,0,3,29,0,420,1,4
England,District Council,Ipswich,1180,21,23,97.62,95.85,NP,NP,11,27.27,177,92.09,510,99.22,438,99.77,99.49,100,100,100,99.06,99.35,100,0,0,0,0,0,0,1,0,350,0,3.75
England,District Council,Kettering,825,6,0,98.29,97.58,NP,NP,19,63.16,98,94.9,301,99.67,401,99.75,87.24,NR,100,92.66,70.07,94.09,100,1,1,0,0,0,0,1,0,141,0,1.2
England,District Council,King's Lynn and West Norfolk,1671,61,0,95.96,92.46,9,11.11,73,72.6,327,90.83,495,98.79,706,99.86,77.85,92.31,82.56,77,70.93,79.56,69.7,1,0,0,0,0,0,6,1,464,1,4.2
England,District Council,Lancaster City,1430,50,0,93.41,90.14,6,0,42,21.43,249,81.93,454,98.46,629,100,93.66,100,100,92.39,93.7,92.22,75.51,1,0,0,0,0,1,5,0,479,0,4.7
England,District Council,Lewes,1034,72,1,93.96,87.42,3,0,43,41.86,147,82.99,282,98.58,486,99.79,95.83,93.75,98.08,96.67,91.86,98.38,100,0,0,0,0,0,0,2,0,95,1,2.6
England,District Council,Lichfield,945,73,0,93.92,86.67,5,40,54,62.96,168,88.69,248,95.97,397,99.75,99.06,100,100,99.4,98.46,98.54,100,1,1,0,0,0,1,4,0,341,0,2.9
England,District Council,Lincoln City,1013,11,0,97.11,96.05,2,50,20,45,138,89.13,468,99.57,374,100,97.79,100,100,98.1,98.48,95.07,98.4,0,0,0,0,0,0,1,0,189,0,3.51
England,District Council,Maidstone,1351,40,41,98.19,95.19,4,0,20,55,147,94.56,518,99.81,581,99.83,98.26,100,100,97.67,98.88,96.98,100,0,0,0,0,0,0,3,0,287,0,2.8
England,District Council,Maldon,634,8,0,99.36,98.11,1,0,4,100,84,96.43,270,100,267,100,98.92,100,85.71,100,99.31,98.61,100,1,0,0,0,0,0,0,0,142,0,3.1
England,District Council,Malvern Hills,927,90,177,98.33,86.53,NP,NP,18,66.67,130,96.15,259,100,253,100,66.94,100,87.88,88.29,77.07,39.77,51.35,0,0,0,0,0,0,2,0,182,0,2.06
England,District Council,Mansfield ?,868,7,63,92.11,91.3,3,0,45,57.78,211,84.83,276,96.74,263,100,100,100,100,100,100,100,99.17,1,4,0,0,0,0,4,0,376,0,4.09
England,District Council,Melton,499,31,1,96.79,90.76,2,50,19,68.42,96,91.67,148,100,202,100,100,100,100,100,100,100,100,0,0,0,0,0,0,3,0,172,0,1.65
England,District Council,Mendip,1445,71,187,98.32,92.77,1,0,6,50,155,91.61,486,99.38,539,100,88.6,100,100,87.6,93.27,80.42,100,1,1,0,0,0,0,5,1,229,0,3
England,District Council,Mid Devon,802,44,3,98.68,93.24,5,40,20,95,87,94.25,268,100,375,99.73,97.13,100,98.08,90.65,93.09,100,100,1,2,0,0,0,0,1,0,140,0,1
England,District Council,Mid Sussex,1320,0,0,97.58,97.58,1,0,35,54.29,207,95.65,519,99.23,558,99.64,100,100,100,100,100,100,100,2,0,0,0,0,0,3,0,365,0,4
England,District Council,Mole Valley,736,45,0,97.83,91.85,NP,NP,20,70,135,94.07,245,100,291,99.66,99.44,NR,100,98.65,100,100,100,0,0,0,0,0,0,0,0,128,0,2
England,District Council,New Forest,1863,6,80,97.75,97.42,5,40,61,73.77,298,95.64,626,98.88,787,99.87,83.37,100,100,100,98.29,53.3,95.68,1,0,0,0,0,1,12,0,718,0,4.32
England,District Council,Newark and Sherwood,1077,20,4,97.72,95.9,3,33.33,36,69.44,143,93.01,418,100,453,99.78,99.38,100,100,99.38,99,100,100,1,0,0,0,0,0,5,0,125,0,4
England,District Council,Newcastle-Under-Lyme,1087,19,8,98.02,96.29,1,100,36,77.78,168,93.45,355,99.44,500,100,97.63,100,100,100,92.94,99.44,98.4,0,0,0,0,0,0,6,0,420,0,4
England,District Council,North Devon,1658,93,0,99.74,94.15,NP,NP,15,100,217,99.08,505,100,828,99.76,94.48,100,96.3,96.55,95.83,89.84,100,0,0,0,1,0,0,1,0,286,0,3.2
England,District Council,North Dorset (6),849,13,0,99.52,98,NP,NP,8,75,109,98.17,258,100,461,100,94.3,100,100,94.74,98.43,90.06,98.98,0,0,0,0,0,0,2,0,146,0,1.4
England,District Council,North East Derbyshire,931,40,1,98.76,94.52,NP,NP,23,82.61,114,94.74,324,99.69,429,100,47.08,100,100,100,50.24,21.54,100,0,1,0,0,0,0,1,0,164,0,1.6
England,District Council,North Hertfordshire,1198,31,4,94.41,91.96,4,0,52,46.15,213,88.73,377,97.61,517,100,91.06,100,100,100,77.13,74.07,88.03,1,0,0,0,0,1,8,0,321,1,3
England,District Council,North Kesteven,1163,26,0,98.86,96.65,2,50,20,65,119,95.8,344,100,652,100,100,100,100,100,100,100,100,0,0,0,0,0,0,3,0,180,0,4.2
England,District Council,North Norfolk,1992,112,1,97.34,91.86,7,42.86,61,72.13,253,90.12,568,99.47,990,99.9,60.79,100,98.51,98.3,76.91,10.82,100,0,0,0,0,0,0,10,0,320,0,4.5
England,District Council,North Warwickshire,762,11,152,94.82,93.11,2,0,37,75.68,136,87.5,211,98.58,213,100,99.76,100,100,100,99.25,100,100,0,0,0,0,0,0,4,0,316,0,3.2
England,District Council,North West Leicestershire,884,37,0,95.87,91.86,5,0,36,50,155,93.55,338,99.41,313,100,98.78,100,100,100,100,95.19,100,3,0,0,0,0,1,5,1,146,0,3.6
England,District Council,Northampton,1930,263,4,94.35,81.46,6,33.33,127,66.14,368,90.76,688,98.11,474,100,74,100,100,97.33,48.26,77.94,77.45,2,0,0,0,0,0,17,0,559,0,4
England,District Council,Norwich City,1507,25,1,95.41,93.82,5,60,98,73.47,416,92.79,475,97.89,487,100,99.47,100,99.32,100,99.61,98.1,95.12,2,0,0,0,0,0,10,0,740,1,3.3
England,District Council,Nuneaton and Bedworth ?,884,27,0,96.5,93.55,1,0,28,71.43,137,88.32,316,98.73,375,99.73,95.88,100,100,100,97.26,89.5,100,0,0,0,0,0,0,0,0,394,0,3.7
England,District Council,Oadby and Wigston,384,13,9,97.24,93.87,1,0,9,55.56,67,92.54,110,100,175,100,96.19,100,100,94.44,95.83,100,100,0,0,0,0,0,0,0,0,80,0,1.5
England,District Council,Oxford City,1375,6,0,94.89,94.47,3,0,35,65.71,325,85.23,673,99.11,333,99.7,93.3,100,100,97.37,89.05,88.31,85.37,2,0,0,2,2,0,28,0,479,0,3
England,District Council,Pendle,843,3,0,98.1,97.75,2,50,22,63.64,132,96.21,308,99.35,376,100,95.6,100,100,95.71,92.62,96.15,100,1,0,0,0,0,1,8,1,181,0,3.5
England,District Council,Preston,1439,18,0,96.9,95.69,6,16.67,64,67.19,222,95.5,631,98.73,498,100,100,100,100,100,100,100,100,1,0,0,0,0,0,0,0,164,0,4.5
England,District Council,Purbeck (6),679,22,0,99.09,95.88,NP,NP,31,100,88,95.45,284,99.3,254,100,98.14,100,100,97.06,97.04,100,100,0,0,0,0,0,0,0,0,142,0,1.5
England,District Council,Redditch,714,95,188,96.29,78.9,1,100,18,61.11,96,92.71,212,99.06,104,100,81.01,100,100,99.08,83.55,27.59,43.83,0,0,0,1,0,0,1,0,176,0,2.06
England,District Council,Reigate and Banstead,933,53,1,97.84,92.27,1,0,21,61.9,163,94.48,277,99.64,417,100,95.72,100,100,100,99.41,87.82,100,1,0,0,0,0,0,4,0,202,0,3
England,District Council,Ribble Valley,713,24,1,98.26,94.94,4,25,25,96,96,94.79,300,99.33,263,99.62,93.36,100,100,100,85.99,90,98.53,0,0,0,0,0,0,1,1,203,0,1.91
England,District Council,Richmondshire,675,29,23,97.59,93.25,NP,NP,15,60,77,88.31,307,100,224,100,92.98,NR,100,95,94.29,86.67,100,0,0,0,0,0,0,0,0,209,0,1.5
England,District Council,Rochford ?,642,76,1,97.52,85.96,1,0,19,52.63,69,94.2,163,100,313,100,84.21,100,94.74,96.49,84.21,73.63,100,0,0,0,0,0,2,2,0,67,0,1.9
England,District Council,Rossendale ?,758,45,135,97.58,90.53,2,0,21,66.67,89,95.51,213,99.53,253,100,86.06,NR,100,89.13,80.72,100,71.25,0,0,0,0,0,0,2,0,46,0,1.5
England,District Council,Rother and Wealden,2473,59,0,97.93,95.59,4,50,188,92.55,610,95.08,781,99.49,831,100,98.6,100,100,98.6,98.2,97.95,100,0,0,0,0,0,0,9,0,587,0,5.24
England,District Council,Rugby,907,18,0,90.44,88.64,6,0,69,43.48,155,80,289,97.23,370,99.73,100,100,100,100,100,100,100,1,0,0,0,0,0,30,0,274,0,2.5
England,District Council,Runnymede,748,11,0,93.89,92.51,2,0,32,25,112,87.5,260,98.08,331,100,64.85,100,98.51,77.42,48.44,62.33,100,2,0,0,0,0,1,4,0,134,0,1.89
England,District Council,Rushcliffe,850,56,0,95.09,88.82,3,0,46,47.83,168,93.45,315,99.68,262,100,97.75,100,100,93.44,98.99,98.44,100,1,0,0,0,0,1,2,0,132,1,3
England,District Council,Rushmoor,759,4,0,96.69,96.18,NP,NP,13,76.92,141,92.2,309,96.44,292,100,99.73,100,100,100,99.24,100,100,8,6,0,0,0,1,1,0,291,1,2.1
England,District Council,Ryedale,950,104,194,97.7,84.26,NP,NP,19,84.21,126,91.27,296,100,211,99.53,95.26,NR,100,100,91.85,100,100,1,0,0,0,0,0,1,0,162,0,1.5
England,District Council,Scarborough,2097,119,246,96.94,90.71,NP,NP,37,56.76,280,90.71,858,98.72,557,100,80.46,100,98.7,86.72,89.61,49.19,100,0,0,0,0,0,0,5,0,516,1,3.78
England,District Council,Sedgemoor,1439,24,0,99.08,97.43,1,0,24,79.17,130,96.15,506,99.8,754,99.87,100,100,100,100,100,100,100,0,0,0,0,0,0,4,0,151,0,4
England,District Council,Selby,771,11,0,97.37,95.98,2,0,13,61.54,106,89.62,304,99.34,335,100,98.5,NR,100,100,99.1,94.44,100,2,0,0,0,0,0,0,0,190,0,1.75
England,District Council,Sevenoaks,910,12,0,96.55,95.27,5,40,38,89.47,231,92.21,318,98.11,306,100,81.55,100,96.72,82.39,79.31,63.79,100,0,0,1,2,0,0,1,0,335,0,2.6
England,District Council,South Buckinghamshire,614,13,10,96.11,94.04,1,0,20,65,126,94.44,225,96.44,219,100,95.11,100,100,100,100,80.9,100,3,1,0,1,0,0,4,0,172,2,1.33
England,District Council,South Cambridgeshire ?,1194,82,126,98.17,90.64,3,0,32,87.5,144,94.44,418,99.52,389,99.74,70,100,87.5,84.35,72.89,53.67,100,1,0,1,0,0,0,12,5,395,0,3
England,District Council,South Derbyshire  ,828,3,15,99.14,98.77,1,100,21,85.71,109,97.25,304,99.67,375,100,100,100,100,100,100,100,100,0,0,0,1,0,1,2,0,259,0,2.49
England,District Council,South Hams,1224,5,0,98.69,98.28,1,0,44,86.36,185,95.68,513,99.81,476,100,100,100,100,100,100,100,100,0,0,0,0,0,0,0,0,185,0,2
England,District Council,South Holland,913,15,10,97.97,96.35,1,0,28,82.14,127,93.7,265,98.49,467,100,100,100,100,100,100,100,100,0,2,0,0,0,0,1,0,179,0,3
England,District Council,South Kesteven,1305,28,72,98.17,95.94,3,33.33,25,76,208,93.27,464,100,505,100,98.51,100,100,100,99.22,94.97,98.41,1,0,0,0,0,0,3,0,297,1,3
England,District Council,South Lakeland,1848,66,3,99.33,95.77,NP,NP,30,80,245,97.96,749,99.87,755,100,94.93,100,100,97.33,93.81,89.78,93.81,0,1,0,1,0,0,8,0,125,0,5.8
England,District Council,South Norfolk,1163,52,18,99.09,94.59,2,100,16,87.5,87,94.25,414,99.28,574,100,60.38,100,100,82.26,68.65,42.68,100,0,0,0,1,0,0,0,0,260,0,2.05
England,District Council,South Northamptonshire,884,42,2,97.74,93.08,5,20,37,72.97,145,97.24,312,99.68,341,100,98.93,100,100,97.2,99.25,100,100,1,0,0,0,0,0,3,0,224,0,2.6
England,District Council,South Oxfordshire,1261,21,0,95.81,94.21,5,0,91,79.12,285,90.88,340,99.41,519,100,100,100,100,100,100,100,100,0,0,0,0,1,1,7,0,479,1,2.85
England,District Council,South Ribble ?,1018,84,4,98.39,90.24,NP,NP,31,70.97,125,96.8,325,99.38,449,100,63.13,100,97.56,92.93,93.62,29.49,100,0,0,0,0,0,0,2,0,224,0,3
England,District Council,South Somerset,2049,61,150,98.75,95.58,NP,NP,59,94.92,260,94.62,705,99.15,814,100,100,100,100,100,100,100,99.57,0,0,0,0,1,0,1,0,662,0,4.7
England,District Council,South Staffordshire,897,12,0,97.97,96.66,3,0,23,82.61,127,96.06,285,97.89,447,100,75.6,100,100,100,100,15.38,100,0,0,0,0,0,1,4,0,184,1,2.3
England,District Council,Spelthorne,803,29,0,93.8,90.41,3,0,16,25,139,79.14,248,98.39,368,100,59.23,100,100,97.17,83.65,18.47,100,0,0,0,0,0,0,9,0,298,2,2
England,District Council,St Albans City ?,1143,57,146,94.15,88.77,4,0,65,67.69,235,88.94,362,98.9,274,100,99.54,100,100,100,99.37,98.08,0,0,0,0,0,0,0,1,0,138,0,3.9
England,District Council,Stafford,1243,33,9,97.17,94.57,1,0,36,69.44,213,92.96,403,98.26,548,100,97.48,100,100,100,100,89.73,100,0,0,0,0,0,1,14,0,326,1,3.4
England,District Council,Staffordshire Moorlands,995,10,0,97.56,96.58,1,0,36,77.78,194,93.81,289,98.96,465,100,100,100,100,100,100,100,100,0,0,0,0,0,0,5,0,269,0,2.5
England,District Council,Stevenage ?,652,32,1,96.61,91.86,1,0,10,10,46,84.78,298,98.66,264,100,65.3,100,100,100,83.41,26.58,100,0,0,0,0,0,0,0,0,81,0,2
England,District Council,Stratford-on-Avon,1512,27,1,98.05,96.29,2,50,33,66.67,252,95.24,457,99.34,740,99.73,97,100,100,99.35,94.79,93.2,100,5,0,0,0,0,1,10,0,372,0,3.59
England,District Council,Stroud,1129,24,1,96.11,94.06,5,20,60,71.67,238,92.02,370,99.19,431,100,89.61,100,98.8,94.29,69.66,94.12,100,1,0,0,0,0,0,10,0,312,0,1.92
England,District Council,Surrey Heath,636,0,8,96.66,96.66,NP,NP,14,50,95,90.53,269,98.14,250,100,100,100,100,100,100,100,100,2,0,0,0,0,0,5,0,291,0,2.05
England,District Council,Swale,1326,44,36,97.19,93.88,2,0,24,50,138,86.23,499,99.6,583,100,97.6,100,98.25,99.36,97.13,96.98,100,0,0,0,1,0,0,9,0,304,0,2.8
England,District Council,Tamworth,511,0,0,93.74,93.74,4,0,7,71.43,70,77.14,213,96.24,217,99.08,100,100,100,100,100,100,100,1,0,0,0,0,0,1,0,124,1,2.1
England,District Council,Tandridge,751,25,0,97.66,94.41,NP,NP,37,83.78,159,93.08,303,100,227,100,75.73,100,94.55,81.82,71.88,65.96,100,0,0,0,0,0,0,2,0,106,0,1.94
England,District Council,Taunton Deane  ,1041,38,0,98.21,94.62,1,0,39,84.62,184,95.11,449,99.78,330,99.7,80.84,NR,96.67,89.1,75.24,66.67,96.61,2,0,0,0,0,0,0,0,311,0,4.6
England,District Council,Teignbridge,1507,39,10,98.42,95.86,2,0,39,82.05,154,92.86,575,99.48,688,100,84.65,100,100,97.27,92.17,67.84,100,1,0,0,0,0,0,1,0,362,0,3
England,District Council,Tendring ? ,1252,165,0,97.79,84.9,3,0,34,58.82,143,95.8,493,99.8,414,100,68.06,100,89.36,86.49,66.91,47.06,100,1,0,0,0,0,0,2,0,214,0,4
England,District Council,Test Valley,1146,9,125,97.04,96.18,2,0,34,64.71,182,93.96,387,98.71,407,100,99.61,100,100,99.31,100,99.08,100,0,2,0,0,0,0,0,0,280,0,3.6
England,District Council,Tewkesbury ?,733,24,0,95.63,92.5,NP,NP,22,68.18,189,89.95,241,97.93,257,100,89.65,100,100,98.58,90.27,67.11,100,0,1,0,0,0,0,4,0,47,0,2
England,District Council,Thanet ?,1452,3,0,99.03,98.83,2,0,5,80,138,96.38,747,99.33,557,99.82,100,100,100,100,100,100,100,3,0,0,0,0,0,4,0,137,0,3.7
England,District Council,Three Rivers,596,28,22,98.35,93.55,NP,NP,13,69.23,94,94.68,231,100,208,100,86.26,NR,87.5,97.53,91.09,64.06,100,0,0,0,0,0,0,0,0,115,0,1.4
England,District Council,Tonbridge and Malling,1104,28,0,97.4,94.93,1,0,40,77.5,215,91.63,368,100,452,100,98.78,100,98.53,98.53,98.68,99.31,100,1,0,0,0,0,0,19,0,403,1,3
England,District Council,Torridge,892,19,66,99.26,96.97,1,100,39,97.44,115,95.65,279,100,373,100,97.36,100,100,97.2,96.49,97.52,100,2,0,0,0,0,0,1,0,228,0,2.5
England,District Council,Tunbridge Wells,1236,28,115,96.71,94.29,NP,NP,42,42.86,161,92.55,368,100,522,100,97.91,100,100,99.47,99.35,94.67,100,0,0,0,1,0,0,7,0,238,0,2.8
England,District Council,Uttlesford,848,15,11,96.11,94.38,4,0,39,64.1,161,92.55,243,99.18,375,100,99.61,100,100,100,100,96.23,100,2,3,0,0,0,0,9,0,376,0,4.5
England,District Council,Vale of White Horse,1020,22,0,96.09,94.02,2,0,74,83.78,225,90.67,266,98.5,431,100,100,100,100,100,100,100,100,1,0,0,1,0,0,1,0,354,1,2.22
England,District Council,Warwick ?,1380,38,0,95.23,92.61,6,0,29,34.48,196,88.27,576,97.74,535,99.44,99.38,100,100,100,99.45,98.12,100,2,1,0,0,0,1,13,0,394,1,4.8
England,District Council,Watford,893,9,0,93.1,92.16,7,14.29,26,42.31,170,82.35,287,97.56,394,99.24,79.27,100,100,99.45,98.68,33.66,100,5,6,0,0,0,0,1,0,125,0,1.95
England,District Council,Waverley,1141,5,0,94.89,94.48,5,0,73,60.27,256,92.58,338,98.52,464,100,75.21,100,100,99.04,93.67,26.67,100,1,0,0,0,0,0,10,0,419,0,3.04
England,District Council,Wellingborough,708,2,0,96.46,96.19,5,20,22,59.09,116,90.52,211,100,352,99.72,98.2,100,100,98.95,98.52,96.33,100,2,3,0,1,1,0,2,0,190,0,2.5
England,District Council,Welwyn Hatfield,807,92,1,94.82,84,NP,NP,36,52.78,166,88.55,232,99.57,280,100,79.21,100,100,98.33,95.87,40.54,100,1,0,0,1,0,0,7,0,172,0,2
England,District Council,West Devon,700,9,0,97.68,96.43,3,33.33,14,78.57,93,89.25,252,99.6,329,100,100,100,100,100,100,100,100,0,0,0,0,0,0,0,0,115,0,1.4
England,District Council,West Dorset (6),1726,45,6,99.52,96.92,1,0,21,90.48,168,97.62,681,99.85,804,100,97.07,100,100,97.01,96.74,97.05,96.76,1,0,0,0,0,0,2,0,280,0,4.1
England,District Council,West Lancashire,937,82,5,97.76,89.16,NP,NP,48,83.33,190,95.79,364,99.18,248,100,77.09,NR,100,82.05,67.31,84.54,100,0,0,0,0,0,0,0,0,299,0,3
England,District Council,West Lindsey,977,62,0,97.81,91.61,6,0,30,73.33,167,97.01,233,100,479,99.79,77.36,100,100,61.59,50.45,96.13,66.23,0,0,0,0,0,0,1,0,163,0,2
England,District Council,West Oxfordshire,1106,6,84,98.62,98.04,1,0,13,84.62,126,93.65,378,99.21,498,100,97.95,100,100,100,99.35,94.94,100,0,0,0,0,0,0,3,0,178,0,2.5
England,District Council,West Somerset,621,23,39,97.85,93.99,1,0,17,88.24,67,91.04,234,98.72,240,100,66.54,100,90,77.78,69.85,51.76,100,47,0,47,0,0,47,1,0,53,47,2
England,District Council,West Suffolk Councils ,1809,142,93,97.65,89.57,6,0,32,59.38,210,93.33,681,99.56,645,99.84,98.93,100,100,99.51,99.45,97.5,100,2,1,0,0,0,0,2,0,322,1,3.88
England,District Council,Weymouth and Portland (6),913,23,0,99.55,97.04,NP,NP,4,75,84,97.62,333,99.7,469,100,95.45,NR,100,92.86,90.78,99.53,98.92,0,1,0,0,1,0,2,0,143,1,1.7
England,District Council,Winchester City,1259,35,0,98.2,95.47,2,50,34,70.59,189,94.71,472,99.79,527,100,92.24,100,100,96,88.1,91.26,84.25,1,0,0,0,0,0,2,0,236,0,3.9
England,District Council,Woking,814,11,1,96.13,94.83,2,0,21,19.05,115,93.04,305,98.69,359,100,99.02,100,100,100,97.9,100,100,0,0,0,2,1,0,5,0,121,0,2.05
England,District Council,Worcester City,948,161,186,97.84,77.17,1,0,23,78.26,124,95.97,289,99.31,164,100,96.96,100,100,100,100,84.88,71.21,0,0,0,0,0,0,1,0,288,0,1.83
England,District Council,Wychavon,1273,108,205,98.02,88.11,2,50,24,62.5,183,97.27,369,98.92,382,100,69.55,100,100,100,75.78,42.66,60.58,0,0,0,0,0,0,5,0,335,0,2.06
England,District Council,Wycombe,1397,82,122,92.2,86.27,1,0,56,53.57,327,85.32,405,96.79,404,98.76,96.04,100,97.01,96.49,93.75,98.56,100,0,0,0,0,0,0,18,0,434,0,2.25
England,District Council,Wyre,1120,1,1,95.97,95.89,1,100,44,79.55,226,88.94,412,97.33,435,100,98.83,100,100,100,97.65,98.95,100,1,0,0,0,0,1,5,0,411,0,3.75
England,District Council,Wyre Forest,908,140,180,97.45,78.71,2,0,23,73.91,141,97.16,254,98.82,168,100,92.72,100,92.59,100,100,77.3,54.62,0,0,0,0,0,0,0,0,264,0,1.84
England,London Borough,Barking and Dagenham,1300,87,0,88.21,82.31,4,0,115,36.52,256,81.64,501,96.21,337,100,82.58,100,97.6,89.22,76.3,61.7,100,1,1,0,0,0,1,7,0,267,0,3
England,London Borough,Barnet,2467,45,190,92.74,90.91,9,22.22,114,39.47,563,89.7,947,97.04,599,100,92.61,100,100,99.74,83.39,92.86,95.64,0,4,0,4,4,0,22,0,824,0,5.2
England,London Borough,Bexley,1711,42,2,94.72,92.39,6,16.67,64,48.44,377,92.04,495,96.16,725,99.86,100,100,100,100,100,100,100,5,0,0,0,0,1,59,0,647,0,3.94
England,London Borough,Brent,2572,71,202,90.17,87.47,5,40,130,49.23,616,83.6,930,94.09,618,99.84,96.74,100,97.63,97.84,96.49,93.14,74.09,2,1,0,0,0,0,12,0,968,0,4.5
England,London Borough,Bromley (11),2617,441,437,92.81,74.04,5,0,118,52.54,561,90.91,748,98.26,307,100,95.65,100,100,95.25,97.03,86.56,100,3,0,0,0,0,8,8,0,1275,1,5.12
England,London Borough,Camden (11),3521,376,0,86.42,77.19,49,2.04,278,31.65,1192,86.83,1081,97.13,545,99.82,72.01,100,100,61.84,47.07,72.25,64.17,21,2,0,13,0,0,47,0,862,0,10.68
England,London Borough,City of London Corporation,1799,75,80,94.53,90.4,15,13.33,100,63,448,92.19,812,99.51,269,99.63,90.74,100,100,99.33,85.37,75.93,100,9,0,0,0,0,0,3,0,534,0,5.97
England,London Borough,Croydon,2902,168,0,90.97,85.7,13,15.38,156,44.87,673,85.14,948,95.15,944,99.58,74.07,100,100,99.73,99.58,11.41,100,12,0,0,2,2,0,33,1,1127,3,4.8
England,London Borough,Ealing,3050,198,64,82.75,77.26,43,25.58,314,44.27,771,74.06,830,91.33,830,99.76,95.75,99.35,99.5,96.44,91.1,94.34,74.52,4,1,0,6,0,1,44,2,1309,6,9.03
England,London Borough,Enfield ?,2602,19,785,83.43,82.55,18,5.56,174,36.78,543,75.69,669,94.17,394,100,99.91,100,100,100,99.7,100,100,11,0,0,0,0,0,40,0,907,5,5.9
England,London Borough,Greenwich,1888,116,38,93.37,87.51,10,10,66,50,352,85.23,821,97.44,485,100,95.11,100,100,98.03,93.75,84.06,90.06,1,0,0,0,0,4,31,0,102,0,5
England,London Borough,Hackney,2471,28,0,88.95,87.94,7,0,185,48.11,562,85.23,1044,92.05,645,99.84,75.77,100,100,100,35.78,97.83,97.97,8,0,0,0,0,0,14,0,1044,0,5.7
England,London Borough,Hammersmith and Fulham,1938,59,102,94.6,91.56,4,0,87,56.32,494,92.91,696,97.41,496,99.8,99.32,100,100,99.82,98.72,98.84,85.5,1,0,0,0,0,0,13,0,574,1,4
England,London Borough,Haringey ?,2173,84,20,95.31,91.59,2,50,48,56.25,354,86.16,901,97.56,764,99.48,87.78,100,100,100,98.5,68.68,83.42,1,3,1,1,0,1,27,1,639,3,3.55
England,London Borough,Harrow,1554,62,68,87.78,84.12,8,0,90,61.11,444,81.98,568,91.02,314,100,94.08,100,100,94.22,91.25,96.55,100,11,0,0,0,0,0,23,1,507,1,9.6
England,London Borough,Havering,1828,32,0,93.26,91.63,5,20,105,68.57,373,87.13,508,93.11,805,99.88,98.06,100,99.55,99.11,95.87,97.67,88.14,1,0,0,0,0,0,12,0,619,0,5
England,London Borough,Hillingdon,2262,0,72,90.82,90.82,12,8.33,132,34.09,513,84.6,700,96.57,833,100,99.88,100,100,100,99.6,100,100,11,7,0,0,0,1,17,1,896,2,6.77
England,London Borough,Hounslow  ,2013,89,211,88.97,84.57,9,0,92,42.39,437,81.92,677,93.21,498,99.6,50.66,100,86.32,57.6,43.02,25.53,97.52,3,0,0,0,0,0,0,0,590,0,3
England,London Borough,Islington,2399,115,41,87.96,83.67,14,7.14,196,45.92,758,82.72,764,97.51,511,99.8,99.6,100,100,99.83,98.56,100,100,4,0,0,0,0,0,34,0,339,0,10
England,London Borough,Kensington and Chelsea,1853,1,112,96.41,96.35,8,0,77,66.23,490,96.73,705,98.3,446,100,100,100,100,100,100,100,99.66,5,0,0,1,0,0,7,0,515,0,5.7
England,London Borough,Kingston-Upon-Thames,1510,82,11,93.44,88.33,16,0,88,56.82,373,91.69,599,98.66,341,100,99.63,100,98.9,100,100,98.91,99.62,9,6,0,0,0,0,4,2,499,1,3.72
England,London Borough,Lambeth,3477,713,0,87.59,69.63,20,5,195,44.1,843,84.1,931,91.73,775,99.48,49.82,100,100,63.42,53.68,19.16,19.73,19,0,0,1,0,0,15,0,1103,1,2
England,London Borough,Lewisham,2267,86,31,89.21,85.78,11,9.09,161,54.66,634,83.75,780,94.36,564,99.65,97.28,100,100,98.22,94.71,100,100,3,5,0,4,0,0,13,0,1020,1,5.2
England,London Borough,Merton ?,1557,146,1,95.53,86.57,7,28.57,66,65.15,374,94.12,593,97.81,370,100,94.54,100,100,97.71,94.87,74.71,100,3,0,0,1,0,0,11,0,346,2,3.15
England,London Borough,Newham,2131,37,0,87.49,85.97,11,0,125,34.4,428,83.18,878,89.41,652,99.39,88.11,100,100,100,68.9,84,100,14,2,0,1,0,2,30,0,852,0,7
England,London Borough,Redbridge,1761,86,0,88.6,84.27,3,0,145,46.9,293,71.33,664,95.93,570,100,77.33,100,94.89,87.71,75.2,53.39,100,3,5,0,0,0,0,26,0,224,0,3.5
England,London Borough,Richmond-Upon-Thames ?,1617,188,0,94.47,83.49,8,0,64,43.75,393,93.38,557,98.56,407,99.75,62.37,100,100,64.46,70.91,29.87,84.62,4,0,0,0,0,0,9,0,173,0,1.65
England,London Borough,Southwark,3003,44,0,92.87,91.51,5,0,134,59.7,794,85.89,1230,96.91,796,99.75,99.14,100,100,99.39,99.71,96.9,99.21,3,10,0,0,0,0,14,0,1879,2,8.65
England,London Borough,Sutton,1392,21,0,74.25,73.13,1,0,86,39.53,370,71.35,489,77.51,425,80.24,98.83,100,100,100,98.04,98.25,100,2,3,0,0,0,0,7,0,533,0,4.65
England,London Borough,Tower Hamlets,2844,4,11,88.37,88.25,43,2.33,151,29.14,732,81.83,1114,96.32,789,99.24,86.05,100,100,98.6,87.85,39.74,98.98,0,3,0,48,0,0,3,5,1073,10,9.17
England,London Borough,Waltham Forest,1916,85,0,87.98,84.08,42,2.38,115,41.74,535,84.49,778,96.27,361,100,94.1,98.72,100,99.65,87.39,92.51,93.38,1,2,2,26,1,0,3,0,1102,4,3.45
England,London Borough,Wandsworth ?,2790,285,76,93.54,83.71,19,5.26,140,57.86,581,90.02,963,97.72,726,100,70.9,100,100,80.71,52.65,59.33,98.52,2,1,0,4,0,0,11,0,123,1,4
England,London Borough,Westminster (2) ?,5443,522,0,89.07,80.53,47,0,292,47.26,1226,77.73,2339,97.35,1017,99.8,44.32,100,99.13,92.54,23.65,4.94,26.31,1,10,0,30,0,4,106,0,386,7,13
England,Metropolitan Borough Council,Barnsley,1916,27,38,97.46,96.06,5,40,40,70,292,94.18,654,98.17,860,99.65,99.73,100,100,99.22,99.77,100,96.02,3,1,0,0,0,1,0,0,669,0,6.7
England,Metropolitan Borough Council,Birmingham ? ,8809,1367,1,86.14,72.77,92,5.43,586,33.96,1649,75.38,2268,93.83,2846,99.61,82.08,93,97.21,93.25,52.38,75.15,100,11,17,4,41,6,0,20,2,1745,13,12
England,Metropolitan Borough Council,Bolton (9),2519,133,277,89.81,84.48,14,57.14,139,41.73,513,83.43,881,95.57,562,99.29,99.11,100,100,99.54,99.8,97.31,100,10,5,0,0,0,0,8,2,1092,0,6
England,Metropolitan Borough Council,Bradford,4523,234,0,94.4,89.52,19,15.79,154,57.14,862,85.61,1450,97.72,1804,99.94,98.05,100,100,97.96,97.11,98.33,98.87,17,1,0,2,1,12,29,3,1691,1,10.5
England,Metropolitan Borough Council,Bury  ,1515,131,0,96.1,87.79,3,0,42,40.48,266,91.73,607,99.51,466,99.79,65.04,100,89.13,66.97,56.86,68.04,100,1,1,0,1,0,0,2,0,312,0,3.3
England,Metropolitan Borough Council,Calderdale ?,2268,65,0,94.42,91.71,9,0,84,54.76,431,89.79,784,96.05,895,99.89,67.45,100,93.88,93.48,61.48,45.16,90.12,4,1,0,3,2,0,5,3,421,0,4.78
England,Metropolitan Borough Council,Coventry,2732,76,46,96.36,93.63,10,10,61,50.82,503,91.65,1024,98.63,1012,100,57.56,100,100,97.87,66.01,9.79,100,7,5,0,0,0,2,21,0,518,4,6.1
England,Metropolitan Borough Council,Doncaster,3577,114,717,92.5,88.81,17,17.65,128,46.88,526,84.79,1072,95.99,1003,99.9,83.58,88.24,96.3,93.48,89.85,62.81,100,7,3,0,3,0,0,30,0,1109,2,4.6
England,Metropolitan Borough Council,Dudley,2351,36,0,92.18,90.77,6,50,128,54.69,537,87.52,776,93.94,868,99.31,84.84,100,100,99.79,95.63,56.18,100,1,1,0,2,0,2,7,0,1073,10,7.75
England,Metropolitan Borough Council,Gateshead,1629,134,0,96.05,88.15,2,50,42,69.05,267,88.01,621,98.71,563,99.11,85.12,100,100,100,87.9,69.87,30.32,5,17,0,2,2,1,12,0,687,0,4.6
England,Metropolitan Borough Council,Kirklees,5342,625,804,94.86,81.8,12,33.33,143,52.45,848,89.03,1484,97.84,1426,100,93.46,100,98.06,92.91,95.47,75.97,100,4,0,0,10,0,15,73,0,1023,4,9.76
England,Metropolitan Borough Council,Knowsley,708,5,2,94.29,93.63,4,25,28,46.43,133,87.97,314,98.09,222,100,91.88,100,100,98.92,92.86,81.44,95.65,2,0,0,0,0,0,8,0,167,0,2.3
England,Metropolitan Borough Council,Leeds,8356,1146,2069,96.87,79.21,6,0,108,62.04,1256,95.3,2458,97.97,1313,99.62,82.76,100,97.58,84.44,73.78,87.87,100,0,0,0,0,0,0,6,0,1415,0,11
England,Metropolitan Borough Council,Liverpool,3930,229,0,90.89,85.6,24,4.17,172,27.91,902,82.71,1276,97.49,1327,99.85,42.29,100,100,47.02,48.43,20.5,71.62,33,2,0,0,0,0,1,0,947,4,6
England,Metropolitan Borough Council,Manchester,4869,124,113,92.62,90.2,14,14.29,208,35.1,1051,84.78,1776,98.14,1583,99.87,99.8,100,100,100,99.46,99.77,90.59,34,0,0,1,1,0,3,0,1575,2,7
England,Metropolitan Borough Council,Newcastle Upon Tyne,2485,212,0,93.93,85.92,4,0,87,34.48,486,87.45,963,98.44,733,99.86,73.7,100,100,96.01,80.05,20.68,100,4,3,0,0,0,0,17,0,731,3,5.3
England,Metropolitan Borough Council,North Tyneside,1387,13,0,95.2,94.3,1,0,40,45,262,87.79,570,98.42,501,99.6,85.71,100,100,82.23,87.29,81.28,100,2,0,0,0,0,0,7,0,414,0,3
England,Metropolitan Borough Council,Oldham,1759,42,16,92.95,90.71,7,42.86,62,53.23,426,87.32,662,95.32,544,99.63,100,100,100,100,100,100,100,9,0,0,0,1,2,7,0,750,10,4.9
England,Metropolitan Borough Council,Rochdale,1593,52,0,95.59,92.47,3,0,56,62.5,293,88.74,664,98.34,525,100,100,100,100,100,100,100,95.59,11,0,0,0,0,0,14,0,835,0,3.8
England,Metropolitan Borough Council,Rotherham,2027,14,0,90.86,90.23,13,7.69,106,19.81,352,85.23,714,96.08,828,99.15,97.68,100,100,100,100,92.79,100,1,0,0,1,0,0,26,0,674,0,3.5
England,Metropolitan Borough Council,Salford,2169,61,5,94.01,91.36,0,0,114,61.4,397,88.92,753,94.95,839,100,68.28,100,100,99.13,42.81,40.55,90.59,3,0,0,0,0,6,19,0,409,1,7.2
England,Metropolitan Borough Council,Sandwell,2541,43,66,93.91,92.28,5,20,125,58.4,506,87.55,1265,97.71,531,100,65.95,100,100,97.38,47.65,38.4,86.56,12,0,1,1,0,3,8,0,762,4,6
England,Metropolitan Borough Council,Sefton,2215,36,0,97.15,95.58,6,16.67,64,60.94,397,95.47,905,98.45,807,100,98.78,100,100,99.76,100,94.62,100,4,0,0,0,0,2,39,0,756,1,6
England,Metropolitan Borough Council,Sheffield  ,4588,244,232,94.8,89.49,12,8.33,128,51.56,908,88.66,1650,97.76,1414,99.93,70.77,100,97.43,66,60.36,74.45,62.52,10,0,0,2,2,0,26,1,1138,0,5.05
England,Metropolitan Borough Council,Solihull,1855,105,206,95.92,89.81,1,100,52,69.23,269,91.82,641,96.41,581,99.66,70.71,100,95.83,88.46,66.96,19.05,50.26,0,1,0,0,0,1,6,1,247,0,5
England,Metropolitan Borough Council,South Tyneside,1128,9,0,94.91,94.15,NP,NP,27,66.67,234,85.9,400,96.25,458,100,96.79,100,100,100,96.67,91.74,100,0,1,0,0,0,2,5,0,159,0,2.3
England,Metropolitan Borough Council,St Helens ? ,1430,55,26,95.11,91.38,4,25,142,82.39,386,93.52,449,97.1,368,100,92.84,100,100,95.58,87.37,79.75,99.1,1,0,0,0,0,0,2,0,667,0,4
England,Metropolitan Borough Council,Stockport,2216,46,0,94.65,92.69,5,0,86,65.12,501,87.43,816,98.41,762,99.34,99.91,100,99.11,100,100,100,89,4,0,0,0,0,0,0,0,1033,0,3.5
England,Metropolitan Borough Council,Sunderland,2098,49,0,97.17,94.9,0,0,91,70.33,414,95.17,958,98.85,586,100,87.51,100,100,95.31,80.92,81.68,100,2,0,0,1,1,0,8,0,471,0,3.7
England,Metropolitan Borough Council,Tameside ?,1790,104,0,95.02,89.5,6,0,76,65.79,376,89.63,666,98.2,562,99.82,97.02,100,100,99.68,98.08,64.29,100,5,0,0,0,0,0,18,0,386,0,5.5
England,Metropolitan Borough Council,Trafford,2653,111,530,91.45,86.67,12,0,104,53.85,501,83.43,675,96,720,99.72,94.55,100,100,100,97.64,34.62,76.34,3,0,0,0,0,0,11,0,707,0,3.45
England,Metropolitan Borough Council,Wakefield,3083,159,11,95.78,90.82,7,0,92,56.52,529,87.71,1086,98.99,1199,100,96.05,100,100,98.5,93.04,95.16,100,6,0,0,0,0,1,11,0,956,4,6.5
England,Metropolitan Borough Council,Walsall,2045,204,18,91.55,82.34,8,37.5,112,61.61,520,86.73,595,94.45,588,99.32,75.64,94.74,90.27,72.24,72.43,72.29,100,0,0,0,5,3,3,4,0,510,3,5.6
England,Metropolitan Borough Council,West Yorkshire (4),,,,,,,,,,,,,,,,,,,,,,,,,,,,,,,,,
England,Metropolitan Borough Council,Wigan,2377,175,10,89.6,82.97,11,9.09,155,52.9,561,82.71,862,94.66,603,99.67,95.14,100,100,92.08,92.95,99.16,72.51,10,7,0,1,0,4,32,0,1126,1,6.1
England,Metropolitan Borough Council,Wirral,2580,81,61,94.22,91.19,15,6.67,155,65.16,574,89.2,838,98.81,856,99.88,100,100,100,100,100,100,100,16,0,0,0,0,1,3,0,1003,1,9.15
England,Metropolitan Borough Council,Wolverhampton,1905,116,0,95.08,89.29,5,60,58,37.93,315,87.62,681,98.38,730,100,99.69,100,100,99.5,99.64,100,80.82,9,0,0,3,2,0,56,0,598,0,4
England,Unitary Authority,Bath and North East Somerset,2068,241,9,97.3,85.92,3,0,78,70.51,346,95.38,602,98.84,789,100,61.57,100,98.55,85.96,61.22,34.59,54.59,1,1,0,0,0,0,7,0,465,0,3.6
England,Unitary Authority,Bedford  ,1458,46,0,96.18,93.14,NP,NP,55,65.45,336,90.77,536,99.25,485,100,91.96,100,100,95.16,89.6,85.31,83.26,0,1,0,0,0,0,23,0,1493,2,3.3
England,Unitary Authority,Blackburn,1293,59,2,93.18,88.92,5,100,58,50,236,85.17,435,95.86,498,99.6,100,100,100,100,100,100,95.35,2,0,0,0,0,0,9,0,485,1,2.6
England,Unitary Authority,Blackpool,2269,11,10,95.2,94.73,2,0,66,57.58,486,88.07,1010,98.02,684,100,76.01,100,100,69.39,73.06,83.28,100,1,0,0,0,0,15,21,0,764,2,3
England,Unitary Authority,Bournemouth ? (5),1942,41,0,95.32,93.31,34,5.88,67,49.25,280,93.93,742,99.19,778,100,92.45,100,99.47,96.45,89.29,84.13,97.83,4,1,0,3,2,1,8,0,596,0,3
England,Unitary Authority,Bracknell Forest,824,9,0,98.4,97.33,NP,NP,19,100,156,92.95,240,99.17,400,100,100,100,100,100,100,100,100,0,0,0,0,0,1,1,0,5,0,2.78
England,Unitary Authority,Brighton and Hove,3252,200,2,96.85,90.89,6,16.67,76,57.89,586,91.98,1205,99.17,1177,99.83,99.69,100,100,100,99.35,100,100,7,1,0,0,0,0,11,0,1017,0,9.47
England,Unitary Authority,Bristol,4478,561,86,95.43,83.24,19,10.53,141,56.03,731,90.56,1683,98.75,1257,99.52,79.9,91.43,96.61,82.86,79.52,70.83,62.65,10,2,0,0,0,0,10,1,937,1,8
England,Unitary Authority,Central Bedfordshire,2294,148,7,98.5,92.13,2,50,66,92.42,426,93.9,780,100,865,100,72.35,100,98.68,81.66,65.48,64.5,64.68,3,0,0,1,0,0,7,1,470,0,6
England,Unitary Authority,Cheshire East,3429,88,285,97.55,94.82,10,0,114,71.93,561,95.37,1296,99.61,1075,99.81,86.59,100,100,100,100,55.19,77.26,2,2,0,0,0,0,7,0,1104,0,7.82
England,Unitary Authority,Cheshire West and Chester,3216,291,22,96.76,87.95,13,15.38,169,84.02,699,93.42,985,99.09,1037,99.9,80.78,100,100,98.22,85.41,56.61,63.77,8,3,0,0,1,0,8,0,1007,1,5.45
England,Unitary Authority,Cornwall,8871,422,0,98.7,94,14,64.29,260,85.38,1066,94.56,2893,99.69,4216,100,78.51,100,98.23,84.32,60.76,93.53,100,2,1,0,0,1,0,39,0,2013,2,19.72
England,Unitary Authority,Darlington,985,10,1,97.23,96.24,3,33.33,22,54.55,120,90,344,99.13,485,100,91.35,100,100,100,96.91,77.82,100,2,0,0,1,1,0,0,0,188,2,0.65
England,Unitary Authority,Derby City,1955,3,0,97.44,97.29,2,0,44,47.73,315,93.33,807,99.5,784,100,90.41,100,100,100,87.26,81.67,100,2,0,0,0,0,0,3,0,849,0,4.15
England,Unitary Authority,Durham,4421,111,293,96.37,93.77,6,50,193,75.13,906,92.49,1468,98.23,1444,99.93,78.12,100,99.76,99.77,71.61,52.49,82.95,3,0,0,0,0,0,4,0,1576,0,10.3
England,Unitary Authority,East Riding of Yorkshire,3923,78,132,97.55,95.54,4,50,199,78.89,640,93.75,1418,99.72,1452,99.79,65.04,100,100,96.39,81.56,21.09,86.64,10,13,1,1,1,0,14,0,694,1,9.84
England,Unitary Authority,Halton,1057,17,56,96.75,95.1,NP,NP,28,71.43,137,89.05,393,97.71,426,100,99.7,100,100,100,99.74,98.92,98.26,0,1,0,2,0,0,1,0,341,0,5
England,Unitary Authority,Hartlepool (3),823,0,73,99.2,99.2,NP,NP,6,66.67,119,96.64,338,100,287,100,100,100,100,100,100,100,100,1,0,0,0,0,0,3,0,256,0,4.56
England,Unitary Authority,Herefordshire  ,2426,91,32,97.39,93.69,3,0,60,76.67,384,92.19,724,98.48,1132,99.82,66.9,100,99.07,97.54,70.38,34.25,72.31,7,0,0,2,1,0,1,0,607,0,4.4
England,Unitary Authority,Hull City,2213,66,8,93.69,90.88,13,7.69,108,71.3,438,85.62,975,97.03,605,100,98.18,100,99.62,98.85,98.08,94.76,99.73,27,15,2,8,0,2,24,0,970,0,7.6
England,Unitary Authority,Isle of Wight,1989,182,0,94.3,85.67,11,27.27,90,58.89,375,86.4,629,99.21,702,99.72,54.22,96.3,96.2,54.66,44.59,51.47,69.47,3,0,0,0,0,1,15,0,464,4,3.8
England,Unitary Authority,Isles of Scilly,119,1,0,99.15,98.32,2,100,12,100,11,100,41,97.56,52,100,97.37,60,96.97,100,100,100,100,0,2,0,0,0,0,0,0,33,0,1
England,Unitary Authority,Leicester City,3113,101,0,88.61,85.74,30,6.67,253,55.73,750,82.8,1263,94.14,716,100,94.72,100,99.62,99.09,93.05,48.51,100,10,3,0,5,0,10,16,0,1558,2,8
England,Unitary Authority,Luton,1576,151,76,90.51,81.4,5,20,83,49.4,329,80.55,414,95.65,518,100,91.85,100,100,100,100,55.88,46.18,0,4,0,20,2,0,16,0,494,1,4.5
England,Unitary Authority,Medway (10),1781,138,33,97.83,90.1,NP,NP,27,55.56,235,92.34,784,99.36,564,100,85.85,100,100,100,99.68,68.29,100,6,0,0,0,0,0,8,1,466,0,5.5
England,Unitary Authority,Middlesbrough,1226,96,4,94.67,87.23,8,0,24,33.33,215,87.44,382,97.91,497,99.8,83.26,100,100,64.29,77.44,91.5,56.48,2,2,0,9,0,0,5,0,206,11,3.3
England,Unitary Authority,Milton Keynes,2329,54,125,97.26,94.87,3,66.67,39,61.54,393,91.35,917,99.02,798,100,100,100,100,100,100,100,100,0,0,0,1,0,0,10,0,599,2,4
England,Unitary Authority,North East Lincolnshire,1626,50,32,97.54,94.48,2,50,34,67.65,239,93.31,670,98.51,599,100,77.68,100,100,88.02,69.73,75.64,68.52,1,0,0,0,0,0,0,2,298,0,9.6
England,Unitary Authority,North Lincolnshire,1665,65,0,94.19,90.51,6,0,63,47.62,311,87.46,555,97.48,665,99.85,87.32,100,99.24,96.41,66.31,94.35,78.43,3,1,0,0,0,0,5,0,419,0,2.95
England,Unitary Authority,North Somerset,1730,28,39,96.75,95.15,3,33.33,88,65.91,312,93.27,576,99.83,684,100,100,100,100,100,100,100,100,1,0,0,0,0,0,5,0,814,2,4.5
England,Unitary Authority,Northumberland,3597,130,45,97.9,94.31,7,28.57,74,51.35,407,94.35,1158,99.31,1776,100,98.44,100,100,98.49,97.55,99.28,79.31,8,0,0,0,0,0,15,0,1224,0,5.7
England,Unitary Authority,Nottingham City,2850,27,6,95.99,95.08,7,14.29,89,42.7,424,91.51,1207,98.43,1090,99.91,93.81,100,100,100,100,79.66,97.04,6,67,0,2,2,0,18,0,1199,1,7.6
England,Unitary Authority,Peterborough City,1835,115,0,95.35,89.37,3,0,34,52.94,253,88.93,660,96.21,770,98.96,74.58,100,100,91.36,82.29,56.69,64.73,7,0,0,0,0,0,3,0,403,0,5.1
England,Unitary Authority,Plymouth City,2382,83,478,96.32,92.12,9,0,74,55.41,310,93.23,903,99.56,525,100,88.69,100,100,96.89,92.27,72.99,98.21,7,1,0,0,0,0,8,0,581,0,3.4
England,Unitary Authority,Poole (5),1222,50,5,98.54,94.49,4,100,35,88.57,200,94,495,99.8,433,100,73.05,100,97.4,92.7,67.88,48.73,83.33,0,0,0,0,0,0,4,0,330,0,3.6
England,Unitary Authority,Portsmouth,1844,85,0,94.37,90.02,4,0,75,44,373,90.88,729,97.53,578,99.83,85.62,50,100,90.84,83.2,80.25,100,8,0,0,0,0,3,28,0,86,5,3.5
England,Unitary Authority,Reading,1443,34,39,93.28,91.03,1,0,54,53.7,293,83.28,623,97.27,399,100,100,100,100,100,100,100,90.36,2,1,0,2,1,0,14,0,655,1,3.8
England,Unitary Authority,Redcar and Cleveland,1139,20,2,96.42,94.72,1,0,31,48.39,151,90.73,459,98.26,475,99.79,99.74,100,100,100,98.8,100,89.87,1,0,0,0,0,0,13,0,265,1,3
England,Unitary Authority,Rutland,449,22,0,96.02,91.31,2,0,8,50,74,89.19,184,98.37,159,100,86.36,100,100,100,72.06,98.59,83.33,4,0,0,0,0,1,2,0,143,0,1.2
England,Unitary Authority,Shropshire ?,4260,157,671,98.57,94.26,8,25,78,78.21,434,95.39,1336,99.63,1576,99.94,46.71,100,98.82,98.94,71.9,6.21,100,1,3,0,0,0,0,7,0,484,1,6.74
England,Unitary Authority,Slough,870,19,10,84.07,82.21,3,33.33,69,27.54,213,73.71,311,91.96,245,99.59,93.35,100,100,100,100,76.72,85.82,2,0,0,1,0,0,17,0,350,1,4.2
England,Unitary Authority,South Gloucestershire,2013,10,0,96.95,96.47,9,11.11,97,72.16,352,94.03,756,99.34,789,100,99.3,100,100,100,98.96,99.05,96.11,2,0,0,0,0,0,4,0,949,0,3.3
England,Unitary Authority,Southampton,1935,448,15,98.91,75.83,1,0,29,72.41,178,96.07,742,100,522,100,44.98,100,96.97,82.32,35.74,38.93,100,2,0,0,0,0,0,2,0,239,0,4
England,Unitary Authority,Southend-On-Sea,1784,66,174,90.35,86.65,3,0,88,39.77,370,82.16,580,95.52,503,99.8,70.34,100,100,100,87.29,15.95,100,0,0,0,0,0,0,6,0,555,0,3.02
England,Unitary Authority,Stockton on Tees,1661,45,0,98.89,96.21,3,66.67,48,79.17,228,96.93,570,100,767,100,69.51,100,100,100,100,15.6,100,11,13,0,0,0,3,3,0,522,0,3.65
England,Unitary Authority,Stoke-On-Trent ?,2335,207,22,93.16,84.82,5,0,139,63.31,474,87.55,718,95.96,770,100,83.12,100,94.94,78.43,80.44,85.33,68.79,8,0,0,0,0,1,17,0,566,0,6
England,Unitary Authority,Swindon,2038,337,1,94.24,78.65,8,0,48,41.67,319,88.4,665,96.24,660,100,52.7,100,100,91.82,22.86,26.27,100,1,0,0,3,2,0,8,0,358,3,1.75
England,Unitary Authority,Telford and Wrekin,1394,80,0,93.84,88.45,5,0,42,52.38,234,82.05,461,97.18,572,99.83,98.88,100,100,99.6,98.5,97.28,100,3,0,0,1,0,0,9,0,521,0,3.41
England,Unitary Authority,Thurrock,1097,31,6,96.23,93.49,4,0,43,55.81,199,93.47,451,99.33,363,99.72,100,100,100,100,100,100,100,1,1,0,0,0,1,25,5,147,0,4.1
England,Unitary Authority,Torbay,1904,96,0,96.18,91.33,10,20,66,62.12,229,91.7,685,97.81,818,99.76,96.03,100,100,97.79,93.32,97.58,60.57,1,0,0,0,1,0,29,0,471,2,5.9
England,Unitary Authority,Warrington,2048,27,0,98.32,97.02,1,0,30,73.33,247,92.71,855,99.18,888,100,45.85,100,97.92,100,41.67,29.86,89.4,0,0,0,0,0,0,4,0,434,0,3.3
England,Unitary Authority,West Berkshire  ,1111,15,0,95.71,94.42,2,0,31,58.06,211,87.2,403,98.76,449,100,100,100,100,100,100,100,100,2,0,0,0,0,0,0,0,213,0,3.53
England,Unitary Authority,Wiltshire,5217,176,842,96.31,92.43,4,25,152,67.11,823,91.13,1330,97.89,1890,99.95,77.94,100,99.62,99.28,88.41,50.25,73.65,4,12,0,0,0,1,3,0,1347,2,10
England,Unitary Authority,Windsor and Maidenhead ?  ,1325,38,0,97.75,94.94,2,0,34,70.59,261,95.79,620,99.03,370,100,88.12,100,100,97.99,82.43,84.58,100,4,0,0,0,0,0,4,0,67,0,5.5
England,Unitary Authority,Wokingham,982,1,9,97.12,97.02,NP,NP,27,70.37,188,90.96,326,99.08,431,100,99.75,100,100,100,99.41,100,100,2,0,0,0,0,0,0,0,288,0,2.23
England,Unitary Authority,York,1855,12,201,96.53,95.83,7,14.29,53,62.26,350,92,768,99.61,464,100,100,100,100,100,100,100,99.59,0,0,0,0,0,3,5,0,717,11,4.5
Northern Ireland,NI Unitary Authority,Antrim and Newtownabbey,1617,25,425,97.77,95.72,3,66.67,27,77.78,248,93.55,417,99.28,472,100,99.27,100,100,99.48,100,94.53,98.84,0,0,0,0,0,0,0,0,462,1,4
Northern Ireland,NI Unitary Authority,Ards and North Down,1990,113,506,97.88,90.43,1,100,30,66.67,287,96.17,504,98.41,549,100,45.73,100,87.95,56.14,50.12,16.67,83.28,0,1,0,0,0,0,2,0,367,0,4
Northern Ireland,NI Unitary Authority,"Armagh City, Banbridge and Craigavon",2147,85,0,98.84,94.92,3,0,53,90.57,362,97.24,666,99.4,978,99.8,74.41,100,100,81.64,72.88,54.12,78.93,3,2,0,0,0,0,0,1,466,0,5
Northern Ireland,NI Unitary Authority,Belfast City,3808,16,700,98.61,98.1,6,50,87,89.66,886,97.07,1268,99.61,845,100,86.78,100,100,89.2,82.36,75.12,97.42,4,4,0,0,0,3,2,3,881,1,13
Northern Ireland,NI Unitary Authority,Causeway Coast and Glens ?,2048,40,439,96.56,94.16,2,0,34,64.71,237,86.5,645,99.22,651,99.54,70.27,85.71,97.12,89.41,58.79,54.3,96.46,1,1,0,0,0,0,0,3,361,2,5.67
Northern Ireland,NI Unitary Authority,Derry City and Strabane ?,1704,46,3,81.57,79.37,1,100,49,87.76,281,99.29,525,99.43,799,63.2,94.72,100,98.98,97,94.53,87.12,89.58,1,2,0,0,0,0,1,1,139,0,4.3
Northern Ireland,NI Unitary Authority,Fermanagh and Omagh,1686,21,250,98.3,96.87,NP,NP,45,82.22,266,95.11,498,99.6,606,99.83,94.28,100,100,97.14,92,89.84,94.9,0,1,0,0,0,0,2,2,626,2,3.4
Northern Ireland,NI Unitary Authority,Lisburn and Castlereagh City,1395,27,416,97.37,94.69,2,50,17,64.71,192,91.15,354,99.72,387,100,96.91,100,100,96.15,96.49,97.9,99.54,0,0,0,0,0,0,2,2,443,0,3.5
Northern Ireland,NI Unitary Authority,Mid and East Antrim,1572,32,12,99.54,97.5,NP,NP,24,95.83,218,97.25,457,100,829,100,94.18,NR,98.77,97.42,96.71,85.33,91.4,0,3,0,0,0,0,0,0,581,0,5.6
Northern Ireland,NI Unitary Authority,Mid Ulster,1685,22,18,99.33,98.02,1,100,25,92,295,98.64,563,99.47,761,99.74,87.21,100,97.26,85.25,87.9,84.39,96.97,0,3,0,0,0,0,0,0,484,0,2.5
Northern Ireland,NI Unitary Authority,"Newry, Mourne and Down",2157,112,345,98.82,92.72,3,66.67,35,71.43,342,97.95,681,99.85,639,99.84,84.49,100,97.11,79.05,84.42,82.96,77.81,1,0,0,0,0,0,1,0,277,0,5
Wales,Welsh Unitary Authority,Anglesey,787,2,55,98.08,97.81,NP,NP,13,84.62,226,94.69,218,100,273,100,99.48,NR,96.3,100,99.35,99.16,100,0,0,0,0,0,0,0,0,273,0,2.9
Wales,Welsh Unitary Authority,Blaenau Gwent,622,14,1,92.26,90.18,5,20,34,52.94,235,90.64,64,93.75,269,99.63,95.83,100,100,99.49,97.37,83.15,97.89,1,0,0,0,0,1,11,2,297,0,4.48
Wales,Welsh Unitary Authority,Bridgend,1343,45,1,97.53,94.26,4,50,57,82.46,619,97.58,174,98.28,443,99.55,87.46,100,100,92.23,42.73,95.74,92.02,2,3,0,0,0,0,4,5,561,0,6.51
Wales,Welsh Unitary Authority,Caerphilly,1923,0,394,95.62,95.62,5,20,70,75.71,697,93.83,196,98.47,561,100,100,100,100,100,100,100,100,4,1,0,1,0,0,16,2,800,4,7.1
Wales,Welsh Unitary Authority,Cardiff,3556,172,70,94.57,89.9,19,10.53,211,66.82,1536,94.73,498,98.19,1050,99.71,85.89,100,100,87.45,46.32,93.53,86.74,29,22,0,0,0,3,15,10,1325,2,14.71
Wales,Welsh Unitary Authority,Carmarthenshire ?  ,2011,64,0,97.53,94.43,3,33.33,62,59.68,631,97.15,380,99.21,871,100,97.54,100,100,100,94.79,93.07,100,0,0,0,0,0,0,5,2,737,0,6.3
Wales,Welsh Unitary Authority,Ceredigion  ,1192,55,7,94.69,90.3,5,20,45,73.33,479,91.44,129,97.67,472,100,94.96,100,98.94,92.99,91.67,97.26,78.66,0,1,0,0,0,0,13,4,451,0,4.8
Wales,Welsh Unitary Authority,Conwy,1660,49,0,96.46,93.61,1,0,54,79.63,581,93.98,293,98.63,682,99.12,98.43,100,100,100,100,91.59,87.21,3,2,2,0,0,1,1,1,668,0,4.6
Wales,Welsh Unitary Authority,Denbighshire ?,1111,45,12,94.88,90.99,18,0,66,62.12,308,96.43,214,100,448,100,65.72,100,100,100,34.02,14.57,69.39,1,2,0,1,1,0,16,1,288,0,3.1
Wales,Welsh Unitary Authority,Flintshire,1376,28,18,98.05,96.02,1,100,28,89.29,465,96.13,324,99.07,512,99.61,100,100,100,100,100,100,89.76,0,0,0,0,0,0,2,0,404,1,7
Wales,Welsh Unitary Authority,Gwynedd  ,2119,17,14,99.19,98.38,5,20,46,89.13,773,98.97,541,100,723,100,98.66,100,100,100,98.69,94.38,95.09,8,1,0,0,0,0,7,7,844,0,8.15
Wales,Welsh Unitary Authority,Merthyr Tydfil,576,26,2,92.88,88.68,1,0,38,63.16,266,91.73,59,100,184,98.91,100,100,100,100,100,100,87.5,2,0,0,0,0,0,20,0,291,4,1.9
Wales,Welsh Unitary Authority,Monmouthshire,1070,0,0,97.01,97.01,2,0,27,59.26,443,95.71,158,100,440,100,96.57,100,100,100,99.03,79.82,100,0,0,0,0,0,0,10,1,435,1,5.5
Wales,Welsh Unitary Authority,Neath Port Talbot ?,1292,30,0,94.53,92.34,2,100,57,54.39,515,92.62,139,96.4,549,100,100,100,100,100,100,100,99.09,6,0,0,0,1,0,18,4,525,2,6.75
Wales,Welsh Unitary Authority,Newport (13),1488,9,0,94.79,94.22,9,0,59,49.15,486,93.62,261,98.47,664,99.55,57.25,100,100,99.76,50.24,4.51,100,6,3,0,0,0,2,5,5,441,2,5
Wales,Welsh Unitary Authority,Pembrokeshire  ,2392,59,31,97.26,94.83,5,0,47,55.32,627,94.58,574,99.83,1049,99.81,99.38,100,100,99.26,97.62,100,100,0,0,0,0,0,1,8,1,455,2,7.9
Wales,Welsh Unitary Authority,Powys,2717,10,131,95.85,95.48,12,8.33,87,68.97,844,94.31,443,96.61,1190,99.5,93.76,100,100,100,100,64.24,100,5,5,0,0,0,4,8,9,163,2,8.57
Wales,Welsh Unitary Authority,Rhondda Cynon Taf,2280,25,0,84.04,83.11,12,33.33,174,60.92,998,82.46,244,82.38,827,92.02,100,100,100,100,100,100,94.2,6,0,0,0,0,4,14,1,1049,1,10.88
Wales,Welsh Unitary Authority,Swansea,2364,68,0,96.17,93.4,5,80,103,74.76,963,95.22,294,99.32,931,98.6,72.47,100,100,100,100,30.58,98.51,2,0,0,1,0,1,12,11,1129,0,8.7
Wales,Welsh Unitary Authority,Torfaen,782,21,0,87.91,85.55,2,0,53,73.58,335,90.75,72,88.89,299,87.63,100,100,100,100,100,100,99.24,2,0,0,0,0,1,12,0,370,1,3.35
Wales,Welsh Unitary Authority,Vale of Glamorgan,1270,36,31,95.93,93.14,1,0,83,77.11,500,94.4,168,99.4,451,100,89.1,100,100,94.29,50.86,91.11,95.07,4,1,0,0,0,0,11,5,495,1,6.51
Wales,Welsh Unitary Authority,Wrexham ?,1287,46,18,98.36,94.8,1,0,30,63.33,292,97.26,327,100,573,100,97.6,100,100,100,100,93.03,85.71,2,2,0,0,0,0,3,3,321,0,5
